Index,Alter,Geschlecht,Herkunft,Beziehungsstatus,Bildung,Erwerbst√§tig,Einkommen,Freizeit,Gesundheitsbewusstsein
1,21,2,2,2,3,2,6251,"[8, 4, 7]",1
2,26,2,2,2,3,2,6691,"[5, 6]",1
3,28,1,2,1,5,1,60087,"[6, 7]",1
4,22,2,2,2,3,2,4162,"[11, 4]",1
5,17,2,2,2,3,1,18094,"[8, 1]",1
6,17,1,2,2,5,1,5626,"[4, 5]",1
7,16,2,2,2,3,2,3920,"[8, 3, 7]",1
8,30,2,2,2,5,1,99302,"[9, 6, 1]",0
9,21,2,2,2,2,2,4946,"[1, 11, 6]",1
10,30,2,2,2,3,2,5503,"[8, 11, 6]",1
11,19,2,2,2,2,1,19966,"[8, 1]",0
12,26,1,2,2,2,2,6629,"[8, 4]",0
13,26,2,2,2,5,1,43450,"[8, 6, 7]",0
14,16,2,1,2,2,1,13027,"[2, 6, 7]",1
15,17,1,2,2,4,1,15481,"[11, 6]",1
16,17,1,2,2,3,2,6524,"[1, 10, 11]",0
17,25,1,1,2,3,1,47058,"[2, 6]",1
18,25,2,2,2,5,1,27162,"[8, 2, 4]",1
19,21,2,2,2,1,2,5283,"[3, 1, 11, 6]",0
20,25,1,1,2,5,2,4020,"[8, 10, 11]",1
21,22,2,2,2,5,2,6474,"[2, 3, 4, 7]",1
22,20,1,2,2,4,1,5872,"[2, 10, 6]",0
23,24,2,2,2,5,1,21370,"[8, 7]",1
24,22,2,2,2,2,1,27010,"[8, 1, 10, 6]",1
25,24,2,2,2,3,2,5946,"[8, 9, 4]",0
26,30,1,2,2,3,1,69846,"[1, 6]",1
27,18,1,2,2,5,1,14794,"[1, 11, 5, 6]",1
28,21,1,2,2,5,2,4944,"[9, 2]",1
29,22,1,2,2,3,1,13437,"[8, 3, 6]",1
30,19,2,2,2,5,2,4135,"[11, 6]",1
31,23,2,1,2,3,2,6136,"[8, 1, 2]",0
32,18,2,2,2,4,2,6185,"[8, 1, 7]",0
33,17,2,2,2,3,1,18197,"[8, 4, 5]",0
34,27,2,1,2,5,1,35811,"[11, 2, 3]",0
35,28,2,1,2,5,2,4375,"[2, 4]",1
36,26,2,2,1,3,2,4309,"[8, 2]",0
37,21,2,2,2,2,2,6657,"[8, 6, 7]",1
38,19,1,2,2,2,1,14454,"[8, 6]",0
39,26,1,1,2,3,2,4568,"[8, 11, 6]",0
40,23,1,2,2,3,2,5842,"[6, 7]",1
41,18,2,2,2,5,2,3625,"[8, 11]",1
42,25,2,2,2,4,2,5893,"[4, 5]",0
43,18,1,2,2,4,2,3876,"[5, 6]",0
44,26,2,2,2,2,1,15016,"[8, 3]",0
45,19,2,2,2,5,1,12345,"[1, 10]",1
46,30,1,2,2,5,1,43252,"[8, 9, 7]",1
47,21,1,2,2,2,1,4808,"[8, 9, 1, 7]",0
48,24,2,1,2,5,1,3981,"[8, 2, 7]",0
49,21,1,2,2,4,1,13302,"[1, 4]",1
50,20,2,1,2,2,1,23579,"[8, 1]",0
51,28,1,2,2,3,1,38255,"[1, 3, 6]",1
52,30,2,2,2,3,1,12039,"[8, 9]",0
53,28,2,2,2,2,2,6269,"[1, 4]",0
54,30,2,2,2,5,2,4656,"[4, 6, 7]",1
55,22,2,2,2,5,1,21818,"[8, 1, 4]",0
56,26,1,2,2,5,2,5548,"[3, 4, 5]",0
57,16,1,2,2,3,1,16531,"[8, 3, 6]",0
58,17,1,2,2,3,1,16411,"[8, 1]",0
59,18,2,2,2,5,1,7384,"[1, 11]",0
60,21,2,2,2,4,1,9719,"[8, 2, 4, 6]",1
61,22,2,2,2,2,2,4338,"[8, 7]",1
62,16,1,2,2,4,2,4382,"[3, 4]",0
63,29,1,2,2,5,1,59046,"[10, 2, 6, 7]",0
64,23,1,2,2,3,1,26750,"[1, 2, 6]",1
65,19,1,2,2,2,1,4719,"[2, 11, 4, 7]",0
66,23,2,2,2,5,1,5042,"[11, 6]",0
67,17,1,2,2,3,1,10946,"[2, 7]",1
68,28,1,1,1,3,1,61169,"[1, 6]",0
69,18,2,2,2,2,2,5544,"[5, 7]",0
70,27,1,2,2,3,2,3624,"[11, 6]",1
71,28,1,2,2,5,1,27666,"[8, 10]",1
72,16,2,2,2,4,2,5310,"[11, 4, 6]",0
73,20,1,1,2,3,1,27262,"[11, 5, 6]",0
74,27,2,1,2,5,1,49709,"[10, 11, 7]",0
75,30,2,2,2,5,1,57231,"[9, 2]",0
76,27,2,2,1,5,2,3670,"[8, 2, 3]",0
77,27,1,2,1,3,2,4274,"[8, 11, 3]",0
78,19,2,2,2,3,1,5238,"[2, 3, 4]",1
79,24,1,2,2,5,1,17344,"[8, 2, 10]",1
80,18,1,2,2,5,2,5928,"[4, 6, 7]",1
81,30,1,2,2,2,1,27046,"[8, 5, 7]",0
82,22,2,1,2,2,2,5569,"[8, 7]",0
83,23,1,2,2,3,1,11186,"[1, 5]",0
84,16,1,2,2,5,1,26570,"[2, 5, 6]",1
85,22,2,2,2,4,1,24750,"[8, 4]",0
86,21,1,2,2,4,1,12339,"[4, 5]",0
87,28,1,2,2,2,1,26070,"[1, 11]",1
88,29,1,1,2,5,2,6368,"[11, 7]",1
89,28,1,2,2,5,1,43555,"[2, 10]",1
90,21,1,2,2,3,2,5603,"[5, 6]",1
91,17,1,2,2,5,2,6651,"[8, 1]",0
92,30,2,2,2,5,2,6394,"[8, 3, 2, 11]",0
93,28,1,2,1,3,1,32898,"[1, 2]",1
94,22,1,2,2,4,1,24080,"[2, 3, 7]",0
95,29,2,2,2,3,1,69655,"[10, 11]",1
96,24,1,1,2,5,2,4904,"[2, 3, 5]",0
97,24,2,2,2,5,1,16701,"[8, 11]",1
98,22,1,2,2,5,1,10643,"[3, 7]",1
99,18,1,2,2,5,1,6152,"[10, 4]",1
100,17,1,2,2,3,1,16572,"[2, 7]",0
101,17,1,1,2,5,1,12487,"[4, 6]",1
102,30,1,2,2,4,1,19315,"[1, 2]",0
103,25,1,2,2,2,2,4058,"[8, 1, 5]",0
104,23,1,2,2,5,1,13219,"[9, 10]",1
105,30,1,2,1,5,1,20152,"[1, 3]",0
106,19,1,1,2,3,1,7768,"[11, 6]",0
107,25,1,2,2,5,1,37225,"[1, 6]",1
108,29,1,2,2,5,1,56168,"[1, 6]",0
109,18,1,2,2,3,2,3070,"[1, 3]",1
110,17,2,1,2,5,1,5576,"[1, 5]",1
111,22,1,2,2,2,2,3996,"[10, 5]",1
112,20,2,2,2,3,1,12245,"[1, 7]",0
113,29,2,2,2,2,1,44573,"[5, 6, 7]",1
114,26,1,2,2,5,2,6055,"[10, 7]",1
115,26,2,2,2,5,1,44666,"[3, 10, 11]",0
116,26,2,2,2,2,1,25097,"[5, 7]",0
117,27,1,1,2,3,1,53728,"[2, 3, 6]",0
118,17,1,2,2,5,1,19129,"[1, 2, 11]",1
119,29,2,2,2,2,2,3886,"[1, 3]",0
120,25,2,1,2,5,1,53039,"[1, 3, 6]",0
121,26,1,2,2,5,2,6113,"[1, 5]",1
122,29,1,2,1,4,2,5148,"[1, 11]",1
123,24,1,2,2,5,1,15257,"[3, 6, 7]",1
124,20,1,2,2,3,2,4213,"[8, 6]",1
125,19,2,2,2,5,1,8258,"[8, 1, 11]",1
126,25,1,2,2,5,2,5900,"[3, 11, 5, 6]",1
127,28,1,1,2,5,1,64949,"[1, 5]",1
128,30,2,2,2,2,2,5266,"[8, 2]",1
129,16,1,2,2,5,1,9314,"[1, 2, 4]",0
130,21,1,2,2,3,1,18398,"[2, 5]",1
131,25,2,2,2,2,2,5351,"[8, 2, 11]",1
132,18,2,2,2,1,2,4164,"[1, 5]",1
133,18,1,1,2,4,1,15368,"[3, 7]",1
134,21,2,2,2,4,1,24740,"[8, 1, 2, 5]",0
135,28,1,2,2,5,2,4956,"[3, 6]",1
136,24,1,1,2,5,2,3467,"[8, 11, 6]",1
137,22,2,2,2,2,2,6367,"[1, 3, 5]",1
138,29,1,2,1,5,2,3267,"[11, 3, 6]",1
139,21,1,2,2,2,2,4641,"[6, 7]",1
140,28,1,2,2,5,2,5014,"[8, 2, 7]",0
141,30,1,2,2,5,1,11467,"[3, 4, 7]",0
142,17,1,2,2,4,1,21984,"[11, 5, 6]",0
143,25,1,2,2,5,2,4016,"[8, 1, 6]",1
144,21,1,2,2,3,2,3485,"[1, 10, 4]",0
145,18,1,2,2,3,1,17294,"[8, 11, 7]",1
146,20,2,2,2,5,1,20605,"[1, 2, 11]",1
147,25,2,2,2,3,2,4558,"[1, 11]",1
148,22,2,2,2,3,1,14928,"[11, 6]",0
149,17,2,2,2,3,1,18138,"[5, 7]",1
150,18,1,2,2,5,1,20669,"[2, 11, 5, 7]",0
151,27,1,2,1,3,1,14680,"[1, 6]",1
152,20,2,2,2,2,1,8517,"[8, 2]",1
153,20,2,2,2,5,1,6697,"[3, 6]",0
154,21,2,2,2,5,1,15656,"[3, 6]",1
155,30,1,2,1,2,2,4192,"[11, 5]",1
156,18,1,2,2,3,1,4442,"[4, 6, 7]",0
157,29,1,1,2,2,2,5879,"[4, 5]",0
158,26,1,2,2,3,2,6520,"[1, 3, 6]",0
159,16,2,2,2,3,1,16880,"[1, 3]",1
160,28,2,1,2,5,2,4083,"[9, 10, 11]",1
161,23,1,2,2,5,1,25227,"[8, 1]",1
162,27,2,1,2,5,2,6292,"[3, 7]",0
163,26,2,2,2,3,1,72506,"[10, 2, 4]",1
164,22,1,2,2,5,2,3920,"[3, 6]",0
165,20,1,1,2,3,1,17926,"[9, 11]",1
166,26,1,2,2,5,1,12654,"[2, 11]",1
167,21,1,2,2,5,1,19608,"[2, 3, 6]",1
168,19,1,2,2,2,2,4798,"[8, 2, 3]",1
169,16,1,1,2,5,2,3509,"[1, 10, 6]",0
170,25,1,2,2,3,1,38087,"[8, 10, 5]",1
171,27,1,2,2,5,2,4115,"[8, 2, 11]",0
172,17,2,2,2,2,1,16556,"[11, 6, 7]",1
173,24,1,2,2,2,2,5449,"[8, 2, 4]",0
174,20,2,2,2,5,1,4968,"[4, 7]",0
175,27,1,2,2,3,2,5472,"[8, 10, 6]",0
176,18,2,2,2,5,1,8287,"[1, 3]",1
177,30,1,2,1,3,1,61619,"[11, 7]",0
178,25,1,1,2,5,1,10916,"[1, 7]",0
179,29,2,2,2,5,1,49845,"[1, 11, 5]",0
180,17,2,2,2,4,1,18136,"[1, 7]",0
181,25,2,2,2,3,1,52014,"[11, 4]",0
182,17,1,2,2,3,2,4925,"[9, 2]",1
183,28,1,2,2,2,1,31588,"[1, 10, 3]",0
184,29,2,2,2,3,1,14350,"[9, 3, 6, 7]",0
185,18,2,1,2,5,1,19178,"[11, 5, 6]",1
186,29,2,2,2,5,1,53494,"[8, 2, 5, 6]",1
187,30,2,2,2,5,1,29299,"[9, 2, 4]",1
188,24,1,1,2,5,1,23548,"[11, 7]",1
189,21,2,2,2,5,1,4265,"[11, 6]",1
190,17,1,2,2,5,1,5548,"[1, 2, 11]",1
191,17,1,1,2,3,1,24401,"[1, 6]",1
192,26,1,2,2,5,1,12687,"[1, 11, 4, 7]",1
193,28,1,2,2,5,1,72810,"[9, 2, 11, 6]",1
194,26,1,2,1,4,1,30235,"[8, 2]",1
195,25,1,1,2,2,2,5493,"[10, 11, 6]",0
196,25,2,2,2,3,1,50987,"[8, 11]",0
197,27,1,2,1,3,2,3056,"[8, 11, 6]",1
198,30,2,2,1,5,1,35644,"[8, 9, 5, 6]",1
199,27,1,2,2,4,2,6446,"[1, 11]",1
200,26,1,1,2,3,2,6739,"[1, 2, 6]",0
201,26,2,2,2,5,1,14223,"[3, 6]",0
202,16,1,1,2,2,2,3630,"[1, 5]",1
203,17,1,1,2,3,1,18325,"[11, 3]",0
204,26,1,2,2,2,1,57052,"[11, 3, 6]",1
205,21,1,2,2,5,2,4934,"[1, 3]",1
206,18,2,2,2,5,2,3998,"[8, 10, 5, 6]",1
207,16,1,2,2,3,1,12796,"[2, 3]",1
208,30,2,2,2,5,1,76176,"[8, 10, 11]",1
209,17,1,2,2,3,1,5944,"[1, 10, 7]",0
210,18,2,2,2,5,1,22815,"[1, 7]",1
211,24,2,2,2,5,2,6226,"[1, 6]",0
212,27,2,2,1,5,1,30433,"[11, 7]",1
213,30,1,1,2,1,1,34355,"[8, 1, 3]",0
214,17,1,2,2,5,1,17007,"[10, 5, 7]",1
215,30,1,2,1,5,1,39932,"[8, 5]",0
216,20,2,2,2,3,1,17287,"[1, 6, 9]",1
217,24,2,1,2,5,2,6561,"[5, 7]",0
218,27,2,2,2,3,2,3772,"[8, 1, 2]",0
219,29,1,2,2,5,2,5856,"[5, 6]",1
220,29,2,2,2,2,1,25878,"[8, 2]",0
221,27,2,2,1,5,2,6176,"[4, 5]",0
222,21,1,1,2,4,2,4682,"[11, 6]",1
223,16,1,2,2,2,2,3178,"[1, 3]",1
224,24,2,2,2,3,1,11908,"[8, 10, 6]",1
225,18,2,2,2,1,1,22977,"[3, 11]",1
226,19,2,2,2,3,1,25665,"[8, 10]",0
227,29,1,2,2,3,1,30994,"[3, 5, 6]",1
228,24,2,2,2,5,1,25842,"[8, 2, 6]",1
229,26,1,2,2,3,1,69363,"[2, 7]",1
230,26,1,2,2,3,1,49280,"[6, 7]",1
231,26,1,2,2,5,2,4679,"[9, 2]",1
232,24,2,2,2,2,1,21422,"[1, 5, 6]",0
233,23,2,2,2,5,1,20866,"[8, 5]",1
234,21,1,1,2,5,2,5837,"[8, 1, 6]",1
235,17,1,2,2,5,2,4628,"[11, 5]",1
236,27,2,2,2,5,2,5661,"[1, 5]",1
237,17,1,2,2,5,2,3328,"[1, 5]",1
238,20,2,2,2,2,1,27534,"[8, 6]",1
239,29,1,2,2,2,2,4556,"[1, 2]",0
240,17,1,2,2,3,1,29646,"[8, 1, 4, 6]",0
241,29,1,2,2,5,1,86460,"[2, 5]",0
242,27,1,2,2,2,1,23734,"[2, 11]",0
243,28,2,2,2,5,1,60588,"[8, 1]",1
244,24,1,2,1,5,1,25399,"[2, 11]",1
245,17,1,2,2,5,1,16648,"[8, 7]",0
246,26,2,2,2,4,2,3118,"[9, 6]",1
247,24,1,1,1,2,1,4133,"[1, 7]",0
248,30,2,1,2,5,1,28242,"[11, 5, 6]",1
249,26,2,2,2,5,2,4687,"[8, 1, 4]",1
250,26,2,2,1,2,2,5318,"[11, 6, 7]",1
251,25,1,2,2,2,1,45689,"[11, 6, 7]",1
252,21,2,2,2,5,2,3323,"[1, 5]",0
253,26,2,1,1,5,1,49520,"[3, 6]",0
254,22,1,1,2,5,1,10560,"[1, 3, 6, 7]",1
255,17,1,2,2,5,2,4888,"[3, 7]",1
256,24,2,2,2,5,1,19628,"[2, 4, 7]",0
257,29,2,2,2,4,1,11949,"[10, 5, 6]",1
258,29,2,2,2,3,2,5775,"[8, 1, 2, 5]",0
259,22,2,1,2,3,2,5238,"[3, 11]",1
260,19,2,2,2,3,1,7848,"[11, 7]",0
261,21,1,2,2,5,1,25885,"[9, 6, 7]",1
262,27,1,2,2,5,1,33858,"[8, 1, 5]",0
263,19,1,2,2,5,2,4237,"[3, 6]",1
264,21,2,2,2,3,1,8589,"[5, 7]",1
265,29,1,1,1,5,1,17422,"[3, 7]",1
266,28,2,1,2,5,2,5354,"[1, 3, 7]",1
267,29,2,2,2,5,1,50626,"[1, 4]",0
268,28,2,2,2,5,1,32122,"[8, 11]",0
269,24,1,2,2,3,1,18286,"[1, 2, 7]",1
270,25,2,2,2,4,2,6052,"[9, 1]",1
271,29,1,2,2,2,1,39184,"[8, 9, 11]",0
272,27,2,2,2,3,1,24726,"[8, 2]",1
273,27,1,2,2,3,2,3778,"[3, 6, 7]",0
274,28,1,1,2,5,1,40733,"[8, 1]",0
275,22,2,2,2,5,1,89630,"[8, 1, 11, 4]",1
276,21,1,1,2,5,1,15716,"[1, 11, 5]",1
277,30,1,2,2,5,1,17737,"[1, 2, 6]",0
278,30,2,2,2,4,1,31942,"[10, 5]",0
279,26,2,1,2,5,1,44469,"[11, 6]",0
280,28,2,2,2,2,1,57341,"[1, 7]",0
281,26,2,2,1,3,1,68089,"[1, 11, 6]",0
282,21,2,2,2,3,2,4208,"[11, 6]",1
283,25,1,2,2,3,2,6057,"[1, 6]",0
284,19,1,1,2,2,2,6565,"[6, 7]",1
285,25,1,2,2,2,2,4387,"[9, 2]",0
286,20,2,2,2,3,1,23790,"[2, 7]",0
287,22,2,1,2,5,2,3576,"[11, 4, 5]",1
288,21,1,2,2,3,1,19817,"[2, 5]",1
289,20,1,1,2,3,2,5966,"[8, 2, 7]",1
290,21,2,1,2,3,2,5762,"[8, 9, 10]",1
291,17,1,2,2,5,2,4627,"[8, 6]",1
292,16,2,1,2,3,2,6464,"[8, 2, 3]",0
293,30,1,2,2,3,1,61167,"[8, 4]",1
294,21,2,2,2,4,1,12346,"[10, 11, 7]",1
295,17,1,2,2,1,1,16789,"[1, 4, 7]",0
296,24,2,2,2,1,1,10048,"[1, 6, 7]",1
297,26,2,1,2,3,1,55707,"[3, 6]",1
298,20,2,1,2,2,1,16823,"[8, 11]",1
299,22,2,2,2,2,2,5299,"[10, 6]",0
300,20,2,2,2,3,1,12982,"[8, 2, 10]",1
301,20,2,1,2,5,2,3258,"[8, 1, 5]",0
302,21,1,2,2,5,2,5602,"[10, 2]",1
303,25,2,1,2,4,2,6374,"[1, 2, 3, 5]",1
304,26,2,2,2,3,2,4901,"[11, 6, 7]",1
305,29,1,2,2,5,1,64405,"[8, 1, 7]",0
306,30,2,2,2,3,2,3477,"[6, 7]",0
307,25,2,2,2,2,2,3572,"[11, 3]",1
308,25,2,2,2,5,1,9928,"[11, 7]",1
309,28,1,2,2,2,1,32816,"[1, 5]",1
310,18,1,2,2,3,2,5201,"[2, 3]",1
311,22,2,1,2,4,1,7353,"[3, 6, 7]",1
312,18,2,2,2,5,2,6043,"[1, 11]",0
313,17,1,2,2,3,2,5852,"[5, 7]",0
314,28,2,2,1,5,1,72988,"[1, 11, 6]",1
315,29,2,2,1,5,1,58411,"[2, 7]",1
316,27,1,2,2,2,2,6414,"[8, 2, 6, 7]",0
317,23,2,2,2,3,1,15589,"[8, 11, 4]",0
318,19,1,2,2,3,1,12156,"[1, 4]",1
319,18,1,1,2,3,1,13208,"[1, 2]",1
320,16,1,1,2,3,1,7229,"[3, 1, 11]",1
321,21,2,2,2,5,2,6693,"[10, 2, 4]",0
322,29,1,1,1,5,1,71680,"[11, 6]",1
323,30,1,2,2,5,2,4130,"[1, 3, 5]",1
324,20,1,2,2,3,1,7218,"[8, 3, 7]",1
325,26,2,2,2,5,1,49051,"[11, 5, 6]",1
326,26,2,2,2,5,2,5628,"[8, 11]",1
327,25,1,1,2,5,2,5619,"[1, 5]",1
328,22,1,2,2,1,1,14520,"[8, 3]",1
329,25,2,2,2,5,1,25603,"[8, 6, 7]",1
330,18,1,2,2,2,1,9505,"[8, 3, 4]",1
331,22,1,2,2,3,1,8269,"[10, 6]",0
332,28,1,2,2,2,2,3604,"[8, 10, 6]",1
333,16,1,2,2,5,1,83295,"[4, 5]",1
334,17,1,2,2,5,1,23412,"[1, 2, 9, 7]",0
335,18,1,2,2,2,1,19400,"[2, 5, 6]",0
336,18,1,2,2,3,2,3105,"[10, 11, 7]",0
337,27,2,2,1,3,2,3539,"[1, 11, 6]",1
338,29,1,2,2,3,1,10291,"[4, 6]",1
339,25,2,1,2,2,2,3064,"[11, 6]",0
340,18,2,1,2,3,1,6611,"[8, 2, 6]",1
341,25,1,2,2,5,1,29725,"[2, 11, 6]",1
342,25,2,2,2,2,2,4950,"[8, 6]",0
343,16,1,2,2,2,2,4836,"[8, 1]",0
344,25,2,2,2,3,2,6186,"[1, 2, 10, 6]",0
345,23,1,2,2,5,1,13769,"[8, 6]",1
346,21,1,2,2,5,1,55984,"[8, 1]",1
347,27,1,2,1,5,2,6722,"[8, 4]",1
348,18,2,2,2,3,1,26002,"[11, 7]",0
349,21,1,2,2,5,1,15497,"[1, 2, 7]",1
350,21,2,1,2,1,1,15292,"[10, 7]",0
351,25,1,2,2,5,2,3442,"[6, 7]",1
352,27,2,2,2,5,1,43883,"[8, 11, 3]",0
353,28,1,2,2,5,1,18534,"[8, 2, 10, 4]",1
354,18,2,2,2,5,2,3516,"[1, 10, 6]",1
355,20,1,2,2,5,1,11717,"[5, 6]",1
356,27,1,2,2,2,1,55999,"[2, 7]",0
357,18,1,2,2,5,1,16959,"[2, 3, 6]",1
358,22,1,2,2,2,1,16337,"[2, 7]",1
359,28,2,2,2,4,1,59220,"[8, 1]",1
360,25,1,2,2,2,1,25647,"[1, 2, 6]",0
361,24,2,2,2,1,2,4694,"[8, 7]",0
362,28,1,2,2,3,1,34021,"[2, 7]",1
363,21,2,2,2,3,2,5988,"[11, 7]",0
364,21,1,2,2,3,1,6280,"[3, 7]",1
365,29,1,2,2,5,1,22132,"[8, 2, 7]",1
366,23,2,1,2,2,1,12735,"[8, 2, 5]",0
367,26,1,2,1,2,1,12928,"[8, 3, 7]",1
368,26,1,2,1,4,2,4526,"[8, 7]",0
369,18,2,1,2,3,1,25033,"[1, 2, 6]",0
370,17,2,2,2,5,1,28814,"[10, 6]",1
371,18,1,2,2,5,2,3500,"[1, 5]",1
372,17,1,1,2,5,2,4682,"[1, 11, 6]",0
373,19,2,2,2,5,2,4448,"[4, 7]",1
374,30,1,2,2,3,1,68436,"[8, 10, 5]",0
375,19,1,2,2,5,2,5953,"[1, 6]",1
376,25,1,2,2,3,1,12898,"[8, 3, 7]",1
377,26,2,2,2,3,1,38047,"[8, 1, 4]",0
378,16,2,2,2,5,1,7930,"[1, 3]",1
379,26,1,2,2,3,1,19885,"[3, 6]",1
380,17,1,2,2,5,1,23979,"[8, 1, 2]",1
381,20,1,1,2,5,1,15277,"[8, 2, 3, 6]",1
382,26,2,2,2,5,2,6352,"[10, 11, 6, 7]",1
383,23,1,2,2,5,1,21320,"[5, 7]",0
384,30,1,2,2,3,1,19953,"[8, 1, 2, 11]",1
385,30,2,2,1,3,1,52323,"[11, 2, 3]",0
386,27,1,2,2,5,2,4437,"[8, 3, 11]",1
387,19,2,2,2,3,1,3543,"[2, 4]",0
388,17,1,1,2,5,1,11628,"[1, 2, 6]",1
389,26,1,2,2,5,2,3125,"[8, 4]",0
390,28,1,2,2,5,2,3375,"[8, 11, 6]",1
391,28,2,2,1,3,1,50726,"[2, 11]",0
392,21,2,1,2,2,2,4858,"[1, 6, 7]",1
393,23,2,1,2,3,2,4396,"[8, 1, 6]",0
394,27,1,2,2,2,2,3644,"[2, 6]",0
395,22,2,2,2,5,1,14822,"[1, 3, 4]",0
396,26,1,2,2,3,2,5324,"[8, 1, 2, 3]",1
397,28,1,2,2,2,1,36301,"[8, 1, 6]",1
398,25,2,2,2,2,1,43701,"[10, 11]",1
399,29,1,2,2,5,1,28889,"[2, 3, 7]",0
400,30,1,2,2,5,1,35564,"[11, 3, 7]",1
401,17,1,1,2,3,1,15610,"[8, 7]",1
402,27,1,1,1,2,2,4160,"[9, 7]",0
403,22,1,1,2,3,1,21998,"[8, 1, 2]",0
404,27,2,2,1,3,1,39382,"[1, 3, 5]",1
405,24,1,2,2,5,1,68852,"[1, 2]",1
406,26,2,2,2,5,1,57538,"[2, 11, 6]",1
407,22,2,2,2,3,2,4185,"[8, 1]",1
408,18,1,2,2,3,1,9324,"[4, 7]",1
409,29,1,2,2,5,1,30672,"[8, 1, 5]",1
410,17,1,2,2,3,1,21668,"[8, 2, 6]",0
411,23,2,2,2,5,1,19283,"[8, 3]",1
412,27,1,1,2,2,1,48417,"[11, 6]",0
413,26,2,2,2,3,2,4883,"[4, 5]",0
414,24,1,1,2,2,2,3318,"[9, 4, 6]",1
415,26,2,2,2,4,1,75408,"[1, 2, 9]",0
416,24,1,2,2,5,2,4656,"[3, 6]",1
417,22,1,1,2,3,2,5906,"[5, 6]",1
418,22,2,1,2,2,2,5622,"[8, 11]",0
419,29,2,2,2,2,1,29604,"[6, 7]",0
420,28,1,2,2,3,1,60547,"[11, 6, 7]",0
421,28,2,2,2,2,1,49273,"[11, 7]",1
422,27,1,2,1,1,2,6459,"[2, 5, 7]",1
423,17,2,1,2,5,2,3433,"[1, 3]",1
424,21,2,1,2,3,1,10653,"[8, 4, 7]",0
425,17,1,2,2,3,1,5534,"[2, 6]",1
426,24,1,2,2,5,2,3907,"[2, 3, 5]",1
427,23,1,1,2,2,2,4364,"[5, 6]",0
428,28,2,2,2,5,2,6191,"[8, 5, 6]",0
429,21,2,2,2,3,2,3688,"[8, 11, 6]",1
430,18,1,2,2,5,1,6448,"[1, 7]",0
431,18,1,2,2,5,1,15591,"[9, 1]",1
432,30,2,2,2,5,2,6354,"[1, 6, 7]",0
433,24,2,2,2,5,1,16699,"[9, 3]",1
434,20,2,2,2,3,1,6629,"[3, 5]",1
435,18,1,1,2,5,2,3626,"[1, 4, 5]",1
436,26,1,1,2,3,1,45142,"[11, 6]",0
437,16,1,2,2,3,2,6165,"[8, 1, 5]",1
438,28,2,2,2,3,1,53877,"[8, 6, 7]",1
439,27,1,2,2,4,2,6112,"[11, 6]",1
440,20,2,2,2,2,1,20234,"[8, 1, 7]",1
441,18,1,2,2,4,1,19416,"[8, 1, 11, 6]",0
442,26,2,1,2,4,1,29656,"[1, 11]",1
443,21,2,2,2,5,1,5681,"[2, 3, 5]",1
444,25,2,2,2,5,2,6261,"[8, 5, 7]",1
445,29,1,2,2,3,2,4125,"[8, 4]",1
446,28,1,1,2,3,1,47227,"[2, 4]",0
447,28,1,2,2,3,1,51582,"[8, 5]",0
448,29,2,2,1,3,1,48691,"[11, 7]",0
449,25,2,2,2,2,1,56557,"[1, 7]",0
450,20,2,2,2,3,2,5076,"[2, 10, 5]",0
451,26,2,2,1,3,2,4574,"[11, 1, 3]",0
452,24,2,2,2,5,2,4895,"[8, 3, 6]",1
453,25,1,2,2,4,2,5377,"[1, 6]",1
454,27,2,2,2,3,1,33897,"[8, 6]",1
455,18,1,1,2,5,2,6317,"[1, 2, 3, 4]",0
456,21,1,2,2,2,2,5341,"[4, 6]",0
457,19,1,2,2,3,2,5669,"[11, 4, 6]",0
458,21,1,2,2,5,2,3771,"[8, 4]",1
459,20,1,2,2,3,1,12006,"[8, 11, 6, 7]",1
460,20,2,2,2,3,2,3253,"[10, 4]",1
461,17,1,2,2,5,1,14176,"[8, 5, 6]",1
462,28,2,2,2,5,1,27990,"[4, 6]",1
463,29,1,1,2,5,1,81913,"[2, 11]",1
464,21,1,2,2,5,2,3650,"[11, 5]",1
465,28,1,2,2,5,2,4490,"[8, 4]",0
466,25,1,1,2,3,2,4527,"[9, 7]",1
467,18,2,2,2,3,2,4158,"[1, 3, 6]",0
468,26,1,2,2,2,1,34148,"[1, 3, 7]",0
469,18,2,2,2,3,2,3214,"[2, 3]",0
470,30,1,2,1,4,1,58737,"[1, 5]",0
471,18,2,2,2,3,1,7073,"[6, 7]",1
472,29,2,2,2,5,1,31242,"[8, 2, 11]",1
473,18,2,2,2,5,2,4365,"[8, 6]",1
474,29,1,2,2,5,2,3333,"[2, 6]",1
475,23,1,2,2,4,1,15353,"[4, 7]",0
476,30,1,2,2,5,1,30647,"[1, 9, 6]",1
477,17,2,2,2,2,2,5903,"[1, 6]",0
478,22,1,2,2,5,1,24914,"[8, 1, 3]",0
479,29,1,2,2,2,2,5635,"[8, 3]",0
480,24,2,2,2,5,2,6242,"[2, 11, 6]",1
481,22,1,2,2,3,1,10060,"[1, 4]",0
482,30,2,1,2,5,1,70561,"[1, 11]",0
483,25,1,2,2,5,2,5746,"[11, 4, 6]",0
484,23,1,1,2,2,2,4734,"[8, 1]",0
485,24,2,2,2,3,1,12810,"[8, 3, 7]",1
486,30,1,2,1,5,2,3738,"[4, 5]",1
487,16,2,2,2,3,1,25652,"[1, 3, 6]",1
488,18,1,2,2,5,1,14059,"[11, 6]",1
489,28,1,2,2,5,2,3634,"[2, 4]",1
490,27,2,2,2,3,2,3316,"[8, 4]",1
491,24,2,2,2,3,1,9245,"[8, 4, 7]",0
492,25,2,2,2,3,2,5210,"[8, 5, 7]",1
493,20,1,2,2,5,1,61662,"[8, 1, 6]",1
494,18,2,1,2,3,1,27477,"[1, 4, 6]",1
495,24,1,2,2,4,1,11271,"[1, 3]",1
496,24,1,2,2,3,2,5837,"[2, 7]",1
497,24,2,2,2,5,1,19490,"[2, 5, 6]",0
498,17,1,2,2,5,1,4885,"[1, 7]",1
499,30,2,2,1,5,1,27013,"[2, 6]",0
500,29,1,2,2,3,2,6081,"[8, 4]",1
